PRAGMA foreign_keys = ON;

-- Hospital Information

insert into Hospital (ID, name, address, phone, email, website, director, foundation) values (
    'HSP001',
    'Hospital São Lucas',
    'Rua da Boavista, 123, Cedofeita, Porto, Porto, 4050-001', 
    '(351) 22 1234-5678',
    'geral@saolucas-hospital.pt',
    'www.saolucas-hospital.pt',
    'Dra. Ana Oliveira',
    '15 de março de 1990'
);

insert into Department (ID, type, manager, bedsOccupied, location, waitingTime, rating, hospitalID) values
(01, 'Cardiologia', 'Ricardo Pereira', 5, 'Ala Sul, 3º Andar', 30, 4.2, 'HSP001'),
(02, 'Pediatria', 'Marta Santos', 3, 'Ala Leste, 2º Andar', 20, 4.5, 'HSP001'), 
(03, 'Cirurgia Geral', 'João Castro', 4, 'Ala Oeste, 4º Andar', 45, 3.8, 'HSP001'), 
(04, 'Ginecologia e Obstetrícia', 'Inês Mendonça', 2, 'Ala Norte, 1º Andar', 15, 4.7, 'HSP001'), 
(05, 'Oncologia', 'André Alves', 6, 'Ala Sul, 5º Andar', 60, 3.9, 'HSP001'), 
(06, 'Ortopedia', 'Carolina Costa', 3, 'Ala Oeste, 3º Andar', 40, 4.0, 'HSP001'), 
(07, 'Neurologia', 'Tiago Rocha', 1, 'Ala Leste, 4º Andar', 25, 4.3, 'HSP001'), 
(08, 'Radiologia', 'Filipa Fernandes', 2, 'Ala Norte, 2º Andar', 18, 4.6, 'HSP001'), 
(09, 'Psiquiatria', 'Bruno Oliveira', 4, 'Ala Central, Térreo', 10, 4.8, 'HSP001'), 
(10, 'Dermatologia', 'Isabel Martins', 2, 'Ala Sul, 2º Andar', 22, 4.4, 'HSP001'),
(11, 'Oftalmologia', 'Francisco Lima', 3, 'Ala Oeste, 2º Andar', 35, 3.7, 'HSP001'), 
(12, 'Otorrinolaringologia', 'Mariana Pereira', 1, 'Ala Norte, 3º Andar', 17, 4.5, 'HSP001'), 
(13, 'Medicina Interna', 'Guilherme Silva', 4, 'Ala Leste, 3º Andar', 30, 4.2, 'HSP001'), 
(14, 'Cuidados Intensivos', 'Catarina Ramos', 5, 'Ala Sul, 4º Andar', 50, 3.6, 'HSP001'), 
(15, 'Medicina Nuclear', 'Nuno Costa', 3, 'Ala Central, 2º Andar', 12, 4.9, 'HSP001'), 
(16, 'Fisioterapia', 'Sara Rodrigues', 2, 'Ala Norte, 4º Andar', 28, 4.1, 'HSP001'),
(17, 'Transplantes', 'Pedro Sousa', 1, 'Ala Leste, 1º Andar', 15, 4.7, 'HSP001'), 
(18, 'Nefrologia', 'Ana Oliveira', 4, 'Ala Oeste, 5º Andar', 55, 3.5, 'HSP001'), 
(19, 'Endocrinologia', 'Diogo Santos', 3, 'Ala Sul, 1º Andar', 20, 4.6, 'HSP001'), 
(20, 'Imunologia', 'Raquel Martins', 2, 'Ala Norte, 5º Andar', 40, 3.9, 'HSP001'),
(21, 'Gastroentologia', 'Ana Riot', 3, 'Ala Leste, 5º Andar', 50, 4.6, 'HSP001'),
(30, 'Farmácia', 'Joana Oliveira', NULL, 'Ala Sul, Térreo', 5, 4, 'HSP001'); 

insert into Room(ID, typeRoom, area, departmentID) values 
(901, 'Gabinete', 150, 01),
(902, 'Gabinete', 150, 02),
(903, 'Gabinete', 150, 03),
(904, 'Gabinete', 150, 04),
(905, 'Gabinete', 150, 05),
(906, 'Gabinete', 150, 06),
(907, 'Gabinete', 150, 07),
(908, 'Gabinete', 150, 08),
(909, 'Gabinete', 150, 09),
(910, 'Gabinete', 150, 10),
(911, 'Gabinete', 150, 11),
(912, 'Gabinete', 150, 12),
(913, 'Gabinete', 150, 13),
(914, 'Gabinete', 150, 14),
(915, 'Gabinete', 150, 15),
(916, 'Gabinete', 150, 16),
(917, 'Gabinete', 150, 17),
(918, 'Gabinete', 150, 18),
(919, 'Gabinete', 150, 19),
(920, 'Gabinete', 150, 20),
(921, 'Cirurgia', 200, 03),
(922, 'Cirurgia', 180, 03),
(923, 'Cirurgia', 150, 03),
(924, 'Cirurgia', 160, 03),
(925, 'Cirurgia', 190, 03),
(926, 'Cirurgia', 140, 03),
(927, 'Cirurgia', 170, 03),
(928, 'Cirurgia', 180, 03),
(929, 'Cirurgia', 160, 03),
(930, 'Cirurgia', 175, 03);




-- Inventory Information

insert into Inventory (ID, inspectionDate) values
(701 , '2023-05-15');

insert into Supplier (ID, deliveryDate) values
(301, '2023-12-01'),
(302, '2023-11-28'),
(303, '2023-12-03'),
(304, '2023-11-30'),
(305, '2023-11-25');

insert into Pharmacy (ID, profit, operatingHours) values 
(30, 13300, '08:00-02:00');

insert into Item (ID, label, quantity, price, inventoryID, pharmacyID) values
(401, 'Bandagens', 100, 2.50, 701, NULL),
(402, 'Luvas descartáveis', 500, 0.75, 701, NULL),
(403, 'Seringas', 200, 1.20, 701, NULL),
(404, 'Algodão', 50, 3.00, 701, NULL),
(405, 'Máscaras cirúrgicas', 200, 0.90, 701, NULL),
(406, 'Álcool gel', 30, 5.50, 701, NULL),
(407, 'Fitas adesivas', 50, 1.80, 701, NULL),
(408, 'Termómetros digitais', 10, 15.00, 701, NULL),
(409, 'Compressas esterilizadas', 150, 2.20, 701, NULL),
(410, 'Esparadrapo', 20, 4.00, 701, NULL),
(411, 'Máscaras N95', 50, 3.50, 701, NULL),
(412, 'Agulhas hipodérmicas', 100, 1.50, 701, NULL),
(413, 'Gaze esterilizada', 100, 2.00, 701, NULL),
(414, 'Aventais descartáveis', 30, 4.50, 701, NULL),
(415, 'Desinfetante hospitalar', 5, 10.00, 701, NULL),
(416, 'Estetoscópios', 10, 25.00, 701, NULL),
(417, 'Garrote', 25, 1.75, 701, NULL),
(418, 'Escovas cirúrgicas', 20, 3.50, 701, NULL),
(419, 'Campos cirúrgicos', 15, 6.00, 701, NULL),
(420, 'Espátulas de madeira', 50, 0.50, 701, NULL),
(421, 'Macas', 10, 150.00, 701, NULL),
(422, 'Lâminas de bisturi', 50, 2.50, 701, NULL),
(423, 'Esfigmomanômetros', 15, 20.00, 701, NULL),
(424, 'Bolsas de sangue', 30, 5.00, 701, NULL),
(425, 'Fórceps cirúrgicos', 10, 8.00, 701, NULL),
(451, 'Ibuprofeno', 10, 10.00, NULL, 30),
(452, 'Paracetamol', 50, 5.50, NULL, 30),
(453, 'Aspirina', 100, 3.75, NULL, 30),
(454, 'Amoxicilina', 20, 15.25, NULL, 30),
(455, 'Omeprazole', 30, 8.90, NULL, 30),
(456, 'Lisinopril', 15, 12.50, NULL, 30),
(457, 'Cephalexin', 40, 7.50, NULL, 30),
(458, 'Morfina', 10, 15.00, NULL, 30),
(459, 'Prednisone', 20, 9.75, NULL, 30),
(460, 'Warfarin', 50, 5.25, NULL, 30),
(461, 'Insulina', 15, 25.50, NULL, 30),
(462, 'Amlodipine', 30, 12.00, NULL, 30),
(463, 'Levetiracetam', 25, 8.80, NULL, 30),
(464, 'Cetirizine', 40, 4.25, NULL, 30),
(465, 'Ondansetron', 20, 10.50, NULL, 30),
(466, 'Teste de Gravidez', 50, 5.50, NULL, 30);


    

-- People Information

insert into Patient (ID, name, dateOfBirth, gender, phone, email) values 
(500, 'Afonso Oliveira', '2000/02/01', 'M', 912345678, 'afonsoli@gmail.com'),
(501, 'Maria Sousa', '1960/07/05', 'F', 934521675, 'msousa@gmail.com'),
(502, 'João Silva', '2008/10/09', 'M', 919987543, 'joao.silva@gmail.com'),
(503, 'Mário Carvalho', '1992/08/04', 'M', 935643121, 'mario.carvalho@gmail.com'),
(504, 'Ana Centeio', '1974/09/28', 'F', 914567890, 'ana.centeio@gmail.com'),
(505, 'Jorge Pereira', '1945/12/30', 'M', 932431123, 'jorge.pereira@gmail.com'),
(506, 'Bruna Pereira', '2019/03/20', 'F', 915743526, 'bruna.pereira@gmail.com'),
(507, 'Margarida Brás', '1982/01/07', 'F', 918987765, 'margarida.bras@gmail.com'),
(508, 'Joana Lima', '1951/05/14', 'F', 919954378, 'joana.lima@gmail.com'),
(509, 'Ruben Silva', '1999/09/09', 'M', 934325671, 'ruben.silva@gmail.com'),
(510, 'Rodrigo Mata', '2005/11/17', 'M', 934821765, 'rodrigo.mata@gmail.com'),
(511, 'André Jardim', '1977/08/02', 'M', 912234643, 'andre.jardim@gmail.com'),
(512, 'Tomás Saraiva', '2018/10/05', 'M', 910604317, 'tomas.saraiva@gmail.com'),
(513, 'Rita Mesquita', '2002/06/10', 'F', 913076467, 'rita.mesquita@gmail.com'),
(514, 'Mariana Almeida', '2018/12/13', 'F', 967001389, 'mariana.almeida@gmail.com'),
(515, 'Afonso Vieira', '2004/04/19', 'M', 961478007, 'afonso.vieira@gmail.com'),
(516, 'Maria Rodrigues', '2016/09/24', 'F', 919909564, 'maria.rodrigues@gmail.com'),
(517, 'Lucas Sobral', '1987/10/31', 'M', 912374680, 'lucas.sobral@gmail.com'),
(518, 'Leonor Pinto', '1990/02/07', 'F', 935701357, 'leonor.pinto@gmail.com'),
(519, 'Bernardo Santos', '2000/05/11', 'M', 931076356, 'bernardo.santos@gmail.com'),
(520, 'Manuel Gomes','1949/12/02', 'M', 910877653, 'manuel.gomes@gmail.com'),
(521, 'Manuela Prata', '1972/11/19', 'M', 914675367, 'manuela.prata@gmail.com'),
(522, 'Patrícia Sobral','1952/04/17', 'F', 910234512, 'patricia.sobral@gmail.com'),
(523, 'Pedro Pires', '2010/09/14', 'M', 930765498, 'pedro.pires@gmail.com'),
(524, 'Rita Leite', '2006/08/18', 'F', 936789362, 'rita.leite@gmail.com'),
(525, 'José Reis', '1991/06/08', 'M', 967320145, 'jose.reis@gmail.com'),
(526, 'André Pereira', '1950/01/12', 'M', 915785118, 'andre.pereira@gmail.com'),
(527, 'Pedro Vasconcelos', '1963/03/02', 'M', 915054234, 'pedro.vasconcelos@gmail.com'),
(528, 'João Mansilha', '1969/07/07', 'M', 930389461, 'joao.mansilha@gmail.com'),
(529, 'Mariana Carvalho','2010/10/10', 'F', 914562074, 'mariana.carvalho@gmail.com'),
(530, 'Ana Magalhães', '1976/04/17', 'F', 967032144,  'ana.magalhaes@gmail.com'),
(531, 'António Sobral', '2019/12/31', 'M', 93456160,  'antonio.sobral@gmail.com'),
(532, 'Vítor Marques', '2003/09/15', 'M', 914579342,  'vitor.marques@gmail.com'),
(533, 'Susana Peixoto', '1983/03/13', 'F', 919565434, 'susana.peixoto@gmail.com'),
(534, 'Paulo Peixoto', '1984/07/19', 'M', 918468208, 'paulo.peixoto@gmail.com'),
(535, 'Sofia Mesquita', '1972/05/09', 'F', 934589321, 'sofia.mesquita@gmail.com'),
(536, 'Carla Rocha', '1968/11/27', 'F', 914075289,  'carla.rocha@gmail.com'),
(537, 'Nuno Oliveira', '1955/05/06', 'M', 96785432,  'nuno.oliveira@gmail.com'),
(538, 'Miguel Lopes', '2001/01/01', 'M', 915087653, 'miguel.lopes@gmail.com'),
(539, 'Xavier Brito', '1988/02/10', 'M', 913678509, 'xavier.brito@gmail.com'),
(540, 'Leonor Cardoso', '1966/07/13', 'F', 910000478,  'leonor.cardoso@gmail.com');

insert into Nurse (ID, name, hourRate, typeNurse, gender, phone, email, departmentID) values 
(200, 'Isabel Santos', 22.00, 'Cardiologia', 'F', 912345678, 'isabel.santos@saolucas-hospital.pt', 01),
(201, 'Bruno Pereira', 25.50, 'Pediatria', 'M', 965432109, 'bruno.pereira@saolucas-hospital.pt', 02),
(202, 'Mariana Costa', 19.75, 'Cirurgia Geral', 'F', 918765432, 'mariana.costa@saolucas-hospital.pt', 03),
(203, 'Tiago Oliveira', 27.00, 'Ginecologia e Obstetrícia', 'M', 927654321, 'tiago.oliveira@saolucas-hospital.pt', 04),
(204, 'Carolina Silva', 23.50, 'Oncologia', 'F', 931234567, 'carolina.silva@saolucas-hospital.pt',05),
(205, 'Pedro Rodrigues', 24.80, 'Ortopedia', 'M', 929876543, 'pedro.rodrigues@saolucas-hospital.pt', 06),
(206, 'Inês Martins', 20.45, 'Neurologia', 'F', 936543210, 'ines.martins@saolucas-hospital.pt', 07),
(207, 'Ricardo Almeida', 26.20, 'Radiologia', 'M', 917890123, 'ricardo.almeida@saolucas-hospital.pt', 08),
(208, 'Joana Fernandes', 29.00, 'Psiquiatria', 'F', 935678901, 'joana.fernandes@saolucas-hospital.pt', 09),
(209, 'Miguel Sousa', 25.75, 'Dermatologia', 'M', 916543210, 'miguel.sousa@saolucas-hospital.pt', 10),
(210, 'Catarina Lima', 18.90, 'Oftalmologia', 'F', 922109876, 'catarina.lima@saolucas-hospital.pt', 11),
(211, 'André Pereira', 26.50, 'Otorrinolaringologia', 'M', 938765432, 'andre.pereira@saolucas-hospital.pt', 12),
(212, 'Ana Rocha', 22.30, 'Medicina Interna', 'F', 926543210, 'ana.rocha@saolucas-hospital.pt', 13),
(213, 'Guilherme Ramos', 18.00, 'Cuidados Intensivos', 'M', 939876543, 'guilherme.ramos@saolucas-hospital.pt', 14),
(214, 'Sara Mendes', 30.50, 'Medicina Nuclear', 'F', 920987654, 'sara.mendes@saolucas-hospital.pt', 15),
(215, 'Diogo Santos', 23.80, 'Fisioterapia', 'M', 923456789, 'diogo.santos@saolucas-hospital.pt', 16),
(216, 'Raquel Pereira', 27.25, 'Transplantes', 'F', 934567890, 'raquel.pereira@saolucas-hospital.pt', 17),
(217, 'Francisco Costa', 17.50, 'Nefrologia', 'M', 915432109, 'francisco.costa@saolucas-hospital.pt', 18),
(218, 'Marta Oliveira', 28.75, 'Endocrinologia', 'F', 937890123, 'marta.oliveira@saolucas-hospital.pt', 19),
(219, 'Nuno Silva', 24.00, 'Imunologia', 'M', 921234567, 'nuno.silva@saolucas-hospital.pt', 20);

insert into Doctor (ID, name, hourRate, hoursWorked, gender, phone, email) values
(101, 'Dr. Sofia Oliveira', 45.00, 40, 'F', 912345678, 'sofia.oliveira@saolucas-hospital.pt'),
(102, 'Dr. Ricardo Santos', 50.00, 35, 'M', 923456789, 'ricardo.santos@saolucas-hospital.pt'),
(103, 'Dra. Joana Martins', 48.00, 38, 'F', 934567890, 'joana.martins@saolucas-hospital.pt'),
(104, 'Dr. Pedro Silva', 55.00, 42, 'M', 945678901, 'pedro.silva@saolucas-hospital.pt'),
(105, 'Dra. Inês Pereira', 52.00, 37, 'F', 956789012, 'ines.pereira@saolucas-hospital.pt'),
(106, 'Dr. André Costa', 49.00, 39, 'M', 967890123, 'andre.costa@saolucas-hospital.pt'),
(107, 'Dra. Carolina Fernandes', 53.00, 36, 'F', 978901234, 'carolina.fernandes@saolucas-hospital.pt'),
(108, 'Dr. Miguel Rodrigues', 46.00, 41, 'M', 989012345, 'miguel.rodrigues@saolucas-hospital.pt'),
(109, 'Dra. Isabel Martins', 50.00, 37, 'F', 900123456, 'isabel.martins@saolucas-hospital.pt'),
(110, 'Dr. Bruno Sousa', 54.00, 40, 'M', 911234567, 'bruno.sousa@saolucas-hospital.pt'),
(111, 'Dra. Catarina Lima', 47.00, 38, 'F', 922345678, 'catarina.lima@saolucas-hospital.pt'),
(112, 'Dr. Diogo Almeida', 51.00, 36, 'M', 933456789, 'diogo.almeida@saolucas-hospital.pt'),
(113, 'Dra. Mariana Costa', 49.00, 41, 'F', 944567890, 'mariana.costa@saolucas-hospital.pt'),
(114, 'Dr. João Pereira', 56.00, 34, 'M', 955678901, 'joao.pereira@saolucas-hospital.pt'),
(115, 'Dra. Beatriz Silva', 52.00, 39, 'F', 966789012, 'beatriz.silva@saolucas-hospital.pt'),
(116, 'Dr. Rui Oliveira', 48.00, 37, 'M', 977890123, 'rui.oliveira@saolucas-hospital.pt'),
(117, 'Dra. Margarida Santos', 53.00, 38, 'F', 988901234, 'margarida.santos@saolucas-hospital.pt'),
(118, 'Dr. Francisco Lima', 47.00, 40, 'M', 999012345, 'francisco.lima@saolucas-hospital.pt'),
(119, 'Dra. Patrícia Fernandes', 51.00, 35, 'F', 900123456, 'patricia.fernandes@saolucas-hospital.pt'),
(120, 'Dr. Nuno Pereira', 55.00, 36, 'M', 911234567, 'nuno.pereira@saolucas-hospital.pt'),
(121, 'Dra. Ana Costa', 46.00, 39, 'F', 922345678, 'ana.costa@saolucas-hospital.pt'),
(122, 'Dr. Manuel Almeida', 50.00, 38, 'M', 933456789, 'manuel.almeida@saolucas-hospital.pt'),
(123, 'Dra. Sofia Silva', 54.00, 35, 'F', 944567890, 'sofia.silva@saolucas-hospital.pt'),
(124, 'Dr. Ricardo Martins', 49.00, 41, 'M', 955678901, 'ricardo.martins@saolucas-hospital.pt'),
(125, 'Dra. Joana Lima', 53.00, 34, 'F', 966789012, 'joana.lima@saolucas-hospital.pt'),
(126, 'Dr. André Pereira', 48.00, 37, 'M', 977890123, 'andre.pereira@saolucas-hospital.pt'),
(127, 'Dra. Carolina Santos', 52.00, 40, 'F', 988901234, 'carolina.santos@saolucas-hospital.pt'),
(128, 'Dr. Miguel Lima', 46.00, 38, 'M', 999012345, 'miguel.lima@saolucas-hospital.pt'),
(129, 'Dra. Isabel Oliveira', 50.00, 35, 'F', 900123456, 'isabel.oliveira@saolucas-hospital.pt'),
(130, 'Dr. Bruno Costa', 55.00, 39, 'M', 911234567, 'bruno.costa@saolucas-hospital.pt');

insert into Office (ID, doctorID) values
(901, 101),
(902, 102),
(903, 103),
(904, 104),
(905, 105),
(906, 106),
(907, 107),
(908, 108),
(909, 109),
(910, 110),
(911, 111),
(912, 112),
(913, 113),
(914, 114),
(915, 115),
(916, 116),
(917, 117),
(918, 118),
(919, 119),
(920, 120);

insert into Specialty (ID, specialty) values
(801, 'Cardiologia'),
(802, 'Pediatria'),
(803, 'Cirurgia Geral'),
(804, 'Ginecologia e Obstetrícia'),
(805, 'Oncologia'),
(806, 'Ortopedia'),
(807, 'Neurologia'),
(808, 'Radiologia'),
(809, 'Psiquiatria'),
(810, 'Dermatologia'),
(811, 'Oftalmologia'),
(812, 'Otorrinolaringologia'),
(813, 'Medicina Interna'),
(814, 'Cuidados Intensivos'),
(815, 'Medicina Nuclear'),
(816, 'Fisioterapia'),
(817, 'Transplantes'),
(818, 'Nefrologia'),
(819, 'Endocrinologia'),
(820, 'Imunologia'),
(821, 'Gastroenterologia');


-- Relation Information

insert into Appointment (ID, date, reason, status) values
(601, '2023-12-01', 'Consulta Geral', 'Agendado'),
(602, '2023-12-02', 'Exame de Sangue', 'Confirmado'),
(603, '2023-12-03', 'Avaliação Ortopédica', 'Agendado'),
(604, '2023-12-04', 'Consulta Cardiológica', 'Confirmado'),
(605, '2023-12-05', 'Teste de Gravidez', 'Agendado'),
(606, '2023-12-06', 'Consulta Oftalmológica', 'Confirmado'),
(607, '2023-12-07', 'Fisioterapia', 'Agendado'),
(608, '2023-12-08', 'Consulta Dermatológica', 'Confirmado'),
(609, '2023-12-09', 'Ultrassonografia', 'Agendado'),
(610, '2023-12-10', 'Consulta Ginecológica', 'Confirmado'),
(611, '2023-12-11', 'Check-up Anual', 'Agendado'),
(612, '2023-12-12', 'Consulta Urológica', 'Confirmado'),
(613, '2023-12-13', 'Psicoterapia', 'Agendado'),
(614, '2023-12-14', 'Consulta Pediátrica', 'Confirmado'),
(615, '2023-12-15', 'Mamografia', 'Agendado'),
(616, '2023-12-16', 'Consulta Endocrinológica', 'Confirmado'),
(617, '2023-12-17', 'Vacinação', 'Agendado'),
(618, '2023-12-18', 'Consulta Gastroenterológica', 'Confirmado'),
(619, '2023-12-19', 'Raio-X', 'Agendado'),
(620, '2023-12-20', 'Consulta Neurologica', 'Confirmado'),
(621, '2023-12-21', 'Exame de Audiometria', 'Agendado'),
(622, '2023-12-22', 'Consulta Otorrinolaringológica', 'Confirmado'),
(623, '2023-12-23', 'Procedimento Odontológico', 'Agendado'),
(624, '2023-12-24', 'Consulta Reumatológica', 'Confirmado'),
(625, '2023-12-25', 'Teste de Covid-19', 'Agendado'),
(626, '2023-12-26', 'Consulta Nefrológica', 'Confirmado'),
(627, '2023-12-27', 'Terapia Ocupacional', 'Agendado'),
(628, '2023-12-28', 'Consulta Hematológica', 'Confirmado'),
(629, '2023-12-29', 'Tomografia Computadorizada', 'Agendado'),
(630, '2023-12-30', 'Consulta Psiquiátrica', 'Confirmado'),
(631, '2024-01-01', 'Consulta Geral', 'Agendado'),
(632, '2024-01-02', 'Exame de Sangue', 'Confirmado'),
(633, '2024-01-03', 'Avaliação Ortopédica', 'Agendado'),
(634, '2024-01-04', 'Consulta Cardiológica', 'Confirmado'),
(635, '2024-01-05', 'Teste de Gravidez', 'Agendado'),
(636, '2024-01-06', 'Consulta Oftalmológica', 'Confirmado'),
(637, '2024-01-07', 'Fisioterapia', 'Agendado'),
(638, '2024-01-08', 'Consulta Dermatológica', 'Confirmado'),
(639, '2024-01-09', 'Ultrassonografia', 'Agendado'),
(640, '2024-01-10', 'Consulta Ginecológica', 'Confirmado');

insert into Diagnosis (patientID, doctorID, appointmentID, disease, treatment) values
(501, 101, 602, 'Gripe', 'Repouso e medicamentos'),
(502, 102, 602, 'Dor de cabeça', 'Analgésicos e repouso'),
(503, 103, 603, 'Fratura no braço', 'Gesso e fisioterapia'),
(504, 104, 604, 'Febre', 'Medicamentos e hidratação'),
(505, 121, 618, 'Problemas gastrointestinais', 'Dieta leve e medicamentos'),
(506, 106, 603, 'Lesão no joelho', 'Cirurgia e reabilitação'),
(507, 107, 607, 'Infecção respiratória', 'Antibióticos e repouso'),
(508, 108, 608, 'Dor nas costas', 'Fisioterapia e analgésicos'),
(509, 109, 630, 'Ansiedade', 'Aconselhamento e medicamentos'),
(510, 110, 638, 'Alergia', 'Antialérgicos e evitar alérgenos');

insert into SupplierItem (supplierID, itemID) values
(301, 401),
(302, 401),
(303, 402),
(304, 402),
(301, 403),
(302, 403),
(303, 404),
(301, 405),
(302, 405),
(303, 406),
(304, 406),
(301, 407),
(304, 407),
(302, 408),
(303, 408),
(301, 409),
(302, 410),
(303, 410),
(304, 411),
(301, 412),
(303, 412),
(302, 413),
(304, 414),
(301, 415),
(302, 416),
(303, 417),
(304, 418),
(301, 419),
(302, 420),
(303, 421),
(304, 422),
(301, 423),
(302, 424),
(303, 425),
(301, 451),
(302, 451),
(303, 452),
(304, 452),
(301, 453),
(304, 453),
(301, 454),
(302, 455),
(303, 456),
(304, 457),
(301, 458),
(302, 459),
(303, 460),
(304, 461),
(301, 462),
(302, 463),
(303, 464),
(304, 465),
(301, 466),
(302, 466);

INSERT INTO ItemDepartment (itemID, departmentID) VALUES
(401, 01),
(401, 02),
(401, 03),
(402, 04),
(402, 05),
(402, 06),
(403, 01),
(403, 07),
(404, 02),
(404, 03),
(405, 04),
(405, 05),
(405, 06),
(406, 07),
(406, 08),
(407, 01),
(407, 03),
(407, 09),
(408, 02),
(408, 03),
(409, 01),
(409, 02),
(409, 03),
(410, 04),
(410, 05),
(410, 06),
(411, 07),
(411, 08),
(412, 01),
(412, 07),
(413, 02),
(413, 03),
(414, 04),
(414, 05),
(415, 06),
(415, 08),
(416, 02),
(416, 03),
(417, 01),
(417, 07),
(418, 04),
(418, 05),
(419, 06),
(419, 09),
(420, 02),
(420, 03),
(421, 01),
(421, 02),
(422, 03),
(422, 09),
(423, 01),
(423, 04),
(424, 05),
(424, 06),
(425, 07),
(425, 08),
(451, 10),
(451, 11),
(452, 11),
(452, 12),
(453, 13),
(453, 14),
(454, 15),
(454, 16),
(455, 11),
(455, 12),
(456, 13),
(456, 14),
(457, 15),
(457, 16),
(458, 10),
(458, 11),
(459, 12),
(459, 13),
(460, 14),
(460, 15),
(461, 16),
(461, 17),
(462, 13),
(462, 18),
(463, 14),
(463, 15),
(464, 16),
(464, 17),
(465, 18),
(465, 19),
(466, 19),
(466, 20);

insert into DoctorSpecialty (doctorID, specialtyID) values
(101, 801),
(102, 802), 
(103, 803), 
(104, 804),
(105, 805),
(106, 806),
(107, 807),
(108, 808),
(109, 809),
(110, 810),
(111, 811),
(112, 812),
(113, 813),
(114, 814),
(115, 815),
(116, 816),
(117, 817),
(118, 818),
(119, 819),
(120, 820),
(121, 821),
(122, 801),
(123, 802),
(124, 813),
(125, 804), 
(126, 805),
(127, 816), 
(128, 817),
(129, 808),
(130, 809);

insert into DepartmentDoctor (departmentID, doctorID) values
(01, 101), (01, 122),
(02, 102), (02, 123),
(03, 103), (03, 124),
(04, 104), (04, 125),
(05, 105), (05, 126),
(06, 106), (06, 127),
(07, 107), (07, 128),
(08, 108), (08, 129),
(09, 109), (09, 130),
(10, 110), (10, 121),
(11, 111), (11, 122),
(12, 112), (12, 124),
(13, 113), (13, 130),
(14, 114), (14, 125),
(15, 115), (15, 126),
(16, 116), (16, 127),
(17, 117), (17, 128),
(18, 118), (18, 129),
(19, 119), (19, 130),
(20, 120), (20, 121),
(21, 121), (21, 130);

insert into Medication (pharmacyID, patientID, primaryEffect, secondaryEffect, name, date) values
(30, 521, 'Redução da pressão arterial', 'Sonolência', 'Amlodipina', '2023-01-15'),
(30, 503, 'Alívio da dor', 'Náuseas', 'Ibuprofeno', '2023-02-20'),
(30, 523, 'Controle da diabetes', 'Dor de cabeça', 'Insulina', '2023-03-25'),
(30, 505, 'Tratamento da infecção', 'Distúrbios gastrointestinais', 'Amoxicilina', '2023-04-30'),
(30, 509, 'Alívio da ansiedade', 'Insônia', 'Diazepam', '2023-05-05'),
(30, 526, 'Redução do colesterol', 'Dor muscular', 'Atorvastatina', '2023-06-10'),
(30, 527, 'Tratamento da enxaqueca', 'Boca seca', 'Sumatriptano', '2023-07-15'),
(30, 528, 'Controle da hipertensão', 'Tosse seca', 'Enalapril', '2023-08-20'),
(30, 529, 'Alívio da febre', 'Diarreia', 'Paracetamol', '2023-09-25'),
(30, 520, 'Tratamento da osteoporose', 'Problemas digestivos', 'Alendronato', '2023-10-30');

insert into PatientAppointmentNurse (patientID, appointmentID, nurseID) values
(511, 611, 211),
(512, 612, 212),
(513, 613, 213),
(514, 614, 214),
(515, 615, 215),
(516, 616, 216),
(517, 617, 217),
(518, 618, 218),
(519, 619, 219),
(510, 610, 210);
